{
  "n_samples": 98,
  "accuracy": 0.9183673469387755,
  "balanced_accuracy": 0.8344226579520697,
  "roc_auc": 0.9084967320261438,
  "mcc": 0.7034091030282891,
  "f1_binary": 0.7500000000000001,
  "f1_macro": 0.850609756097561,
  "f1_micro": 0.9183673469387755
}