{
    "accuracy": 0.8979591836734694,
    "balanced_accuracy": 0.775599128540305,
    "roc_auc": 0.8177196804647785,
    "mcc": 0.6153095657072498,
    "f1_binary": 0.6666666666666667
}