{
  "n_samples": 98,
  "accuracy": 0.8979591836734694,
  "balanced_accuracy": 0.8453159041394336,
  "roc_auc": 0.9607843137254902,
  "mcc": 0.6614898743590477,
  "f1_binary": 0.7222222222222222
}