{
  "n_samples": 98,
  "accuracy": 0.9285714285714286,
  "balanced_accuracy": 0.863834422657952,
  "roc_auc": 0.9636891793754538,
  "mcc": 0.7454762877410991,
  "f1_binary": 0.787878787878788
}