train_loss_step,train_task_loss_step,train_concept_loss_step,epoch,step,val_loss,val_task_loss,val_concept_loss,train_loss_epoch,train_task_loss_epoch,train_concept_loss_epoch
14.072152137756348,13.557409286499023,0.514742910861969,0,9,,,,,,
,,,0,12,11.645878791809082,11.417168617248535,0.22871091961860657,,,
,,,0,12,,,,10.21886157989502,9.704093933105469,0.5147671103477478
6.783767223358154,6.396495819091797,0.3872711956501007,1,19,,,,,,
,,,1,25,3.998894453048706,3.8063199520111084,0.1925746500492096,,,
,,,1,25,,,,5.9488959312438965,5.684200763702393,0.26469454169273376
3.335235357284546,3.149658203125,0.18557707965373993,2,29,,,,,,
