{
    "use_ldam_loss": true,
    "ldam_max_margin": 0.2650640588680905,
    "ldam_scale": 22,
    "use_weighted_sampler": true,
    "learning_rate": 0.003124565071260871,
    "concept_loss_weight": 1.4177793420835691,
    "emb_size": 256,
    "intervention_prob": 0.22803499210851796,
    "weight_decay": 0.00037183641805732076,
    "best_threshold": 0.4,
    "validation_mcc": 0.7924528301886792,
    "n_trials": 10,
    "n_pruned": 0
}